CLASIFICACION|SUBCLASIFICACION|DESCRIPCION|CODIGO INTERNO| COSTO SIN IVA | IVA | MARGEN 
REPUESTOS|ALL IN ONE|CIRCUITO IMPRESO ALL IN ONE|PUB3-9855-0005| 162 | 21 | 200 
REPUESTOS|ALL IN ONE|CIRCUITO, MOTOR Y BAT ALL IN O|PUB3-9855-0007| 422 | 21 | 200 
REPUESTOS|ALPHA|BASE CARGADOR ALPHA|PRO3-8741-0000| 350 | 21 | 200 
REPUESTOS|ALPHA|TAPA SUPERIOR ALPHA|PRO3-88300-060| 388 | 21 | 200 
REPUESTOS|ALPHA|CARCASA INFERIOR ALPHA|PRO3-88350-000| 140 | 21 | 200 
REPUESTOS|ALPHA|SWITCH ALPHA|PRO3-88370-000| 143 | 21 | 200 
REPUESTOS|ALPHA|CIRCUITO IMPRESO ALPHA|PRO3-90617-000| 464 | 21 | 200 
REPUESTOS|ALPHA|MOTOR ALPHA SIN LEVA|PRO3-95368-200| 490 | 21 | 200 
REPUESTOS|ALPHA|RES.  ESTABILIZADOR MOTOR ALPH|PRO3-96474-000| 30 | 21 | 200 
REPUESTOS|ALPHA|CONTACTO TRASERO BATERIA ALPHA|PRO3-97001-103| 128 | 21 | 200 
REPUESTOS|ALPHA|TRANSFORMADOR ALPHA -NUEVO-|PRO3-97618-6000| 720 | 21 | 200 
REPUESTOS|ALPHA / AMBASSADOR|GUIA PLAST CUCH.ALPHA/AMBASSAD|PRO3-8707-0020| 46 | 21 | 200 
REPUESTOS|ALPHA / AMBASSADOR|LEVA DE MOTOR AMBASSADOR|PRO3-93177-000| 50 | 21 | 200 
REPUESTOS|ALPHA / AMBASSADOR|RETEN DE CUCHILLA AMBASSADOR|PRO3-96332-100| 68 | 21 | 200 
REPUESTOS|ALPHA / AMBASSADOR|TRABA METAL.CUCH.AMBASS/ALPHA|PRO3-96488-001| 26 | 21 | 200 
REPUESTOS|ALPHA / AMBASSADOR|RESORTE TENSION CUCH.AMBASSADO|PRO3-96489-002| 80 | 21 | 200 
REPUESTOS|ALPHA / FLAIR|BATERIA ALPHA/FLAIR 1.2 V 1600|PRO3-93154-101| 306 | 21 | 200 
REPUESTOS|AMBASSADOR|TORNILLO DE CARC..AMBASS/ALPHA|PRO3-496-00000| 32 | 21 | 200 
REPUESTOS|AMBASSADOR|SWITCH AMBASSADOR|PRO3-8706-2000| 35 | 21 | 200 
REPUESTOS|AMBASSADOR|CIRCUITO IMPR.CARG.AMBASSADOR|PRO3-90607-300| 379 | 21 | 200 
REPUESTOS|AMBASSADOR|CTO.  IMPRESO AMBASSADOR LITHI|PRO3-93593-216| 295 | 21 | 200 
REPUESTOS|AMBASSADOR|CONTACTO TRASERO AMBASSADOR|PRO3-93794-000| 28 | 21 | 200 
REPUESTOS|AMBASSADOR / ALPHA|GUIA PLAST CUCH.ALPHA/AMBASSAD|PRO3-8707-0020| 46 | 21 | 200 
REPUESTOS|AMBASSADOR / ALPHA|TAPA SUPERIOR AMBASSADOR|PRO3-8733-0620| 143 | 21 | 200 
REPUESTOS|AMBASSADOR / ALPHA|LEVA DE MOTOR AMBASSADOR|PRO3-93177-000| 50 | 21 | 200 
REPUESTOS|AMBASSADOR / ALPHA|RETEN DE CUCHILLA AMBASSADOR|PRO3-96332-100| 68 | 21 | 200 
REPUESTOS|AMBASSADOR / ALPHA|TRABA METAL.CUCH.AMBASS/ALPHA|PRO3-96488-001| 26 | 21 | 200 
REPUESTOS|AMBASSADOR / ALPHA|RESORTE TENSION CUCH.AMBASSADO|PRO3-96489-002| 80 | 21 | 200 
REPUESTOS|ANNIVERSARY   |CARCASA INFERIOR ANNIVERSARY|PRO3-8902-0060| 190 | 21 | 200 
REPUESTOS|ANNIVERSARY   |TAPA SUPERIOR ANNIVERSARY|PRO3-8930-0040| 74 | 21 | 200 
REPUESTOS|ANNIVERSARY   |CONTACTO TRASERO ANNIVERSARY|PRO3-8947-0000| 90 | 21 | 200 
REPUESTOS|ANNIVERSARY   |LEVA MOTOR ANNIVERSARY|PRO3-93398-001| 30 | 21 | 200 
REPUESTOS|ANNIVERSARY   |LEVA MOTOR STERLING|PRO3-93399-001| 125 | 21 | 200 
REPUESTOS|ANNIVERSARY   |ARANDELA MOTOR ANNIVERSARY|PRO3-9922-0010| 23 | 21 | 200 
REPUESTOS|ANNIVERSARY   |RESORTE GROOMSMAN AMERICANA|PUB3-1547-0000| 23 | 21 | 200 
REPUESTOS|ARCO|TRANSFORMADOR UNIVERSAL|PRO3-1881-1671| 688 | 21 | 200 
REPUESTOS|ARCO|CIRCUITO IMPRESO ARCO|VET3-1854-7070| 400 | 21 | 200 
REPUESTOS|ARCO|JGO. CARCASAS ARCO|VET3-1854-7201| 529 | 21 | 200 
REPUESTOS|ARCO|MOTOR ARCO|VET3-1854-7280| 256 | 21 | 200 
REPUESTOS|ARCO  / POWER + / GENIO PLUS|BATERIA GENIO PLUS/ARCO/POWER+|PRO3-1854-7988| 785 | 21 | 200 
REPUESTOS|BALDING|TORNILLO  BASTIDOR  DE CUCHILLA|PRO3-492-30000| 20 | 21 | 200 
REPUESTOS|BALDING|TORNILLO TAPA|PRO3-495-2000| 24 | 21 | 200 
REPUESTOS|BALDING|SWITCH SUPER TAPER - W400|PRO3-8108-0010| 118 | 21 | 200 
REPUESTOS|BALDING|CARCASA INFERIOR|PRO3-8404-1000| 281 | 21 | 200 
REPUESTOS|BALDING|BOBINA SHUNT |PRO3-8424-0000| 418 | 21 | 200 
REPUESTOS|BALDING|BRAZO SHUNT SUPER TAPER|PRO3-8505-2010| 330 | 21 | 200 
REPUESTOS|BALDING|TAPA BALDING|PRO3-89600-3520| 241 | 21 | 200 
REPUESTOS|BALDING|BASTIDOR METALICO BALDING|PRO3-9214-5000| 190 | 21 | 200 
REPUESTOS|BALDING|ALMOHADILLA CUCHILLA|PRO3-94104-400| 36 | 21 | 200 
REPUESTOS|BALDING|TORNILLO SWITCH|PUB3-491-00100| 17 | 21 | 200 
REPUESTOS|BALDING|TORNILLO DE BOBINA|PUB3-503-00000| 20 | 21 | 200 
REPUESTOS|BALDING|TORNILLO DE REGULACION COMPLE|PUB3-8117-8115| 26 | 21 | 200 
REPUESTOS|BALDING|RESORT BOBINA |VET3-1177-3000| 28 | 21 | 200 
REPUESTOS|BALDING|TORNILLO BRAZO BOBINA|VET3-1567-2010| 28 | 21 | 200 
REPUESTOS|BALDING|TORNILLO CUCHILLA|VET3-508-40000| 26 | 21 | 200 
REPUESTOS|BALDING|BASTIDOR PLASTICO|VET3-8409-2701| 28 | 21 | 200 
REPUESTOS|BELLA|TORNILLO DE CARCASA BELLA|PRO3-1590-7010| 19 | 21 | 200 
REPUESTOS|BELLA|CTO C/ BAT PIN NUEVO BELLA/MIN|PRO3-1590-7280| 446 | 21 | 200 
REPUESTOS|BELLA|BASE CARGADOR S/TRAFO NUEVO|PRO3-1590-7430| 283 | 21 | 200 
REPUESTOS|BELLA|CTO IMP C/BAT BELLA/CHR NUEVO|PRO3-1590-7490| 368 | 21 | 200 
REPUESTOS|BELLA|JGO. CARCASAS BELLA ROJA|PRO3-1590-7720| 785 | 21 | 200 
REPUESTOS|BELLA / CHROMINI|TRABA CUCHI IZQ. CHROMINI|PRO3-1565-1031| 14 | 21 | 200 
REPUESTOS|BELLA / CHROMINI|TRABA CUCH. DER CHROMINI|PRO3-1565-1041| 14 | 21 | 200 
REPUESTOS|BELLA / CHROMINI|MOTOR BELLA/CHROMINI|PRO3-1590-7020| 427 | 21 | 200 
REPUESTOS|BELLA / CHROMINI|BATERIA CHROMINI / BELLA/GENIO|PRO3-1590-7040| 349 | 21 | 200 
REPUESTOS|BELLA / CHROMINI|LEVA MOTOR BELLA / CHROMINI|PRO3-1590-7500| 48 | 21 | 200 
REPUESTOS|BELLA / CHROMINI|TRANSFORMADOR UNIVERSAL|PRO3-1881-1671| 688 | 21 | 200 
REPUESTOS|BELLINA|TORNILLOS CARCAZA BELLISSIMA|PRO3-1565-7270| 17 | 21 | 200 
REPUESTOS|BELLINA|MOTOR BELLINA LITHIUM|PRO3-1870-7020| 360 | 21 | 200 
REPUESTOS|BELLINA|MOTOR BELLINA|PRO3-1870-7110| 576 | 21 | 200 
REPUESTOS|BELLINA|BATERIA BELLINA|PRO3-1870-7130| 886 | 21 | 200 
REPUESTOS|BELLINA|CONTACTOS DE BELLINA|PRO3-1870-7160| 137 | 21 | 200 
REPUESTOS|BELLINA|CTO. IMP. C/ BAT BELLIS. NUEVO|PRO3-1870-7460| 1.840 | 21 | 200 
REPUESTOS|BELLINA|BASE CARGADOR BELLISSIMA NUEVA|PRO3-1870-7620| 470 | 21 | 200 
REPUESTOS|BELLINA|JGO. CARCASAS BELLINA  ROJA|PRO3-1870-7800| 1.618 | 21 | 200 
REPUESTOS|BELLINA|CTO. IMPRESO LITHIUM BELLINA|PRO3-1870-7880| 1.529 | 21 | 200 
REPUESTOS|BELLINA|BATERIA LITHIUM BELLINA|PRO3-1870-7900| 785 | 21 | 200 
REPUESTOS|BELLINA / CHROMSTYLE|RESORTE TENSION CUCHILLA |PRO3-1854-1270| 143 | 21 | 200 
REPUESTOS|BELLINA / CHROMSTYLE|BASTIDOR PLAS CUCH-CHRO/ BELLI|PRO3-1854-1387| 121 | 21 | 200 
REPUESTOS|BELLINA / CHROMSTYLE|LEVA MOTOR BELLISSIMA/CHROMSTY|PRO3-1854-5121| 94 | 21 | 200 
REPUESTOS|BELLINA / CHROMSTYLE|TRABA CUCHI.DER CHROMSTYL|PRO3-1871-1031| 14 | 21 | 200 
REPUESTOS|BELLINA / CHROMSTYLE|TRABA CUCHI.IZQ CHROMSTY|PRO3-1871-1041| 14 | 21 | 200 
REPUESTOS|BELLINA / CHROMSTYLE|TRANSFORMADOR UNIVERSAL|PRO3-1881-1671| 688 | 21 | 200 
REPUESTOS|BELLISSIMA|JUEGO DE CARCAZAS BELLISSIMA|PRO3-1870-7300| 983 | 21 | 200 
REPUESTOS|BERET|TORNILLO CARGADOR BERETTO|PRO3-465-00000| 17 | 21 | 200 
REPUESTOS|BERET|TOR.BDE CUCH.COLORP/CARC BERET|PRO3-492-20000| 23 | 21 | 200 
REPUESTOS|BERET|BASTIDOR CUCHILLA BERET|PRO3-8054-0020| 38 | 21 | 200 
REPUESTOS|BERET|CARCASA CUNA CARGADOR BERET|PRO3-8544-2010| 280 | 21 | 200 
REPUESTOS|BERET|SWITCH BERET|PRO3-8705-0030| 32 | 21 | 200 
REPUESTOS|BERET|MOTOR BERET|PRO3-8723-1301| 540 | 21 | 200 
REPUESTOS|BERET|CONTACTOS TRASEROS BERET|PRO3-8724-0000| 38 | 21 | 200 
REPUESTOS|BERET|GUIA DE CUCHILLA BERET|PRO3-8734-0010| 35 | 21 | 200 
REPUESTOS|BERET|MONTURA TRASERA MOTOR BERET|PRO3-8736-1000| 38 | 21 | 200 
REPUESTOS|BERET|TAPA BERET|PRO3-8821-3630| 480 | 21 | 200 
REPUESTOS|BERET|CARCASA BERET|PRO3-8828-1551| 443 | 21 | 200 
REPUESTOS|BERET|INSERTO TAPA BERET|PRO3-8829-5020| 35 | 21 | 200 
REPUESTOS|BERET|SOPORTE CIRCUITO IMPRESO BERET|PRO3-8936-0000| 54 | 21 | 200 
REPUESTOS|BERET|BASE CARGADOR COMPLETO BERET|PRO3-8973-1801| 443 | 21 | 200 
REPUESTOS|BERET|CTO. IMPRESO CARGADOR BERET|PRO3-90608-000| 228 | 21 | 200 
REPUESTOS|BERET|CIRCUITO Y BATERIA BERET|PRO3-93780-400| 1.056 | 21 | 200 
REPUESTOS|BERET|ESPUMA P/MOTOR BERET|PRO3-94104-700| 19 | 21 | 200 
REPUESTOS|BERET|TORNILLO CUCHILLA BERET/ POEME|PRO3-96406-201| 17 | 21 | 200 
REPUESTOS|BERET / BERETTO|LED TESTIGO DE CARGA|PRO3-8729-0000| 38 | 21 | 200 
REPUESTOS|BERET / BERETTO|MAGNETO BERET - BERETTO|PRO3-90594-000| 24 | 21 | 200 
REPUESTOS|BERET / BERETTO|TRANSFORMADOR BERET / BERETTO|PRO3-97581-5305| 1.105 | 21 | 200 
REPUESTOS|BERETTO|CUNA CARGADOR BERETTO|PRO3-8662-1000| 565 | 21 | 200 
REPUESTOS|BERETTO|CARCASA CARGADOR BERETTO|PRO3-8772-0000| 90 | 21 | 200 
REPUESTOS|BERETTO|BASE CARGADOR BERETTO|PRO3-8773-0600| 109 | 21 | 200 
REPUESTOS|BERETTO|TAPA EXTERNA BERETTO|PRO3-88906-170| 734 | 21 | 200 
REPUESTOS|BERETTO|TAPA INTERIOR BERETTO|PRO3-88907-000| 124 | 21 | 200 
REPUESTOS|BERETTO|CARCASA  BERETTO|PRO3-88912-190| 613 | 21 | 200 
REPUESTOS|BERETTO|SWITCH BERETTO|PRO3-88936-000| 38 | 21 | 200 
REPUESTOS|BERETTO|CUBRE CONTACTOS BERETTO|PRO3-88937-000| 61 | 21 | 200 
REPUESTOS|BERETTO|AISLANTE DEL CIRCUITO IMPRESO|PRO3-90064-000| 38 | 21 | 200 
REPUESTOS|BERETTO|CTO.  IMPRESO CARGADOR BERETTO|PRO3-90608-200| 228 | 21 | 200 
REPUESTOS|BERETTO|BATERIA BERETTO|PRO3-93837-000| 737 | 21 | 200 
REPUESTOS|BERETTO|TRABA CUCHILLA BERETTO|PRO3-94219-100| 17 | 21 | 200 
REPUESTOS|BERETTO|TRABA CUCHILLA BERETTO|PRO3-94219-100| 17 | 21 | 200 
REPUESTOS|BERETTO|ARANDELA GOMA MOTOR BERETTO|PRO3-95302-000| 17 | 21 | 200 
REPUESTOS|BERETTO|ARANDELA GOMA MOTOR BERETTO|PRO3-95302-000| 17 | 21 | 200 
REPUESTOS|BERETTO|MOTOR BERETTO|PRO3-95368-500| 343 | 21 | 200 
REPUESTOS|BERETTO|CIRCUITO IMPRESO BERETTO|PRO3-97836-001| 884 | 21 | 200 
REPUESTOS|BERETTO / BERET|TORNILLO CARGADOR BERETTO|PRO3-465-00000| 17 | 21 | 200 
REPUESTOS|BERETTO / BERET|TOR TAPA S TAPER/BERET/BERETTO|PRO3-495-2000| 24 | 21 | 200 
REPUESTOS|BERETTO / BERET|LED TESTIGO DE CARGA|PRO3-8729-0000| 38 | 21 | 200 
REPUESTOS|BERETTO / BERET|MAGNETO BERET - BERETTO|PRO3-90594-000| 24 | 21 | 200 
REPUESTOS|BERETTO / BERET|TRANSFORMADOR BERET / BERETTO|PRO3-97581-5305| 1.105 | 21 | 200 
REPUESTOS|BLING|TAPA SUPERIOR BLING|PRO3-88102-070| 326 | 21 | 200 
REPUESTOS|BLING|TAPA BATERIA BLING|PRO3-88140-100| 175 | 21 | 200 
REPUESTOS|BLING|CARCASA INFERIOR BLING|PRO3-88152-100| 295 | 21 | 200 
REPUESTOS|BLING|SWITCH BLING|PRO3-88171-000| 48 | 21 | 200 
REPUESTOS|BLING|GUIA DE CUCHILLA BLING|PRO3-88183-000| 66 | 21 | 200 
REPUESTOS|BLING|CORDON BLING|PRO3-90120-000| 100 | 21 | 200 
REPUESTOS|BLING|CONTACTO DEL SWITCH - BLING|PRO3-93768-001| 62 | 21 | 200 
REPUESTOS|BLING|CONTACTO TRASERO BLING|PRO3-93774-000| 43 | 21 | 200 
REPUESTOS|BLING|CONTACTO DELANTERO BLING|PRO3-93775-000| 100 | 21 | 200 
REPUESTOS|BLING|CABLE MOTOR BLING|PRO3-9926-4000| 24 | 21 | 200 
REPUESTOS|BLING|MOTOR DODDLE / BLING|PUB3-1669-0000| 312 | 21 | 200 
REPUESTOS|CHROMINI|TAPA SUPERIOR CHROMINI|PRO3-1591-7000| 427 | 21 | 200 
REPUESTOS|CHROMINI|CARCASA INFERIOR CHROMINI|PRO3-1591-7010| 361 | 21 | 200 
REPUESTOS|CHROMINI|BASE CHROMINI P.TRA UNIVERSAL|PRO3-1591-7540| 283 | 21 | 200 
REPUESTOS|CHROMINI|CARGADOR CHROMIN NUEVOCOMPLETO|PRO3-1592-7080| 847 | 21 | 200 
REPUESTOS|CHROMINI / BELLA|TRABA CUCHI IZQ. CHROMINI|PRO3-1565-1031| 14 | 21 | 200 
REPUESTOS|CHROMINI / BELLA|TRABA CUCH. DER CHROMINI|PRO3-1565-1041| 14 | 21 | 200 
REPUESTOS|CHROMINI / BELLA|MOTOR BELLA/CHROMINI|PRO3-1590-7020| 427 | 21 | 200 
REPUESTOS|CHROMINI / BELLA|BATERIA CHROMINI / BELLA/GENIO|PRO3-1590-7040| 349 | 21 | 200 
REPUESTOS|CHROMINI / BELLA|LEVA MOTOR BELLA / CHROMINI|PRO3-1590-7500| 48 | 21 | 200 
REPUESTOS|CHROMINI / BELLA|TRANSFORMADOR UNIVERSAL|PRO3-1881-1671| 688 | 21 | 200 
REPUESTOS|CHROMSTYLE|TAPA SUPERIOR CHROMSTYLE|PRO3-1871-7180| 535 | 21 | 200 
REPUESTOS|CHROMSTYLE|SWITCH CHROMSTYLE|PRO3-1871-7200| 168 | 21 | 200 
REPUESTOS|CHROMSTYLE|BASE CARGADOR CHROMST  "VIEJO"|PRO3-1871-7250| 212 | 21 | 200 
REPUESTOS|CHROMSTYLE|CUERPO CDOR. COMP S/TRAFO NUEV|PRO3-1871-7300| 370 | 21 | 200 
REPUESTOS|CHROMSTYLE|CARCASA INFERIOR CHROMSTYLE|PRO3-1871-7540| 460 | 21 | 200 
REPUESTOS|CHROMSTYLE|MOTOR CHROMSTYLE LITHIUM|PRO3-1871-7700| 360 | 21 | 200 
REPUESTOS|CHROMSTYLE|CTO. IMPRESO C/BATER -CHROMST.|PRO3-1871-7740| 1.600 | 21 | 200 
REPUESTOS|CHROMSTYLE|BASE CARGADOR CHROMSTYLE NUEVO|PRO3-1871-7750| 490 | 21 | 200 
REPUESTOS|CHROMSTYLE|JUEGO CARCAZAS CHROMSTYLE 7896|PRO3-1871-7760| 908 | 21 | 200 
REPUESTOS|CHROMSTYLE|CTO. IMPRESO LITHIUM CHROMSTYL|PRO3-1871-7950| 1.240 | 21 | 200 
REPUESTOS|CHROMSTYLE|BATERIA LITHIUM CHROMSTYLE|PRO3-1871-7960| 785 | 21 | 200 
REPUESTOS|CHROMSTYLE / BELLINA|GUIA DE CUCHILLA CHROMSTYLE|PRO3-1854-1015| 143 | 21 | 200 
REPUESTOS|CHROMSTYLE / BELLINA|RESORTE TENSION CUCHILLA |PRO3-1854-1270| 143 | 21 | 200 
REPUESTOS|CHROMSTYLE / BELLINA|BASTIDOR PLAS CUCH-CHRO/ BELLI|PRO3-1854-1387| 121 | 21 | 200 
REPUESTOS|CHROMSTYLE / BELLINA|LEVA MOTOR BELLISSIMA/CHROMSTY|PRO3-1854-5121| 94 | 21 | 200 
REPUESTOS|CHROMSTYLE / BELLINA|TRABA CUCHI.DER CHROMSTYL|PRO3-1871-1031| 14 | 21 | 200 
REPUESTOS|CHROMSTYLE / BELLINA|TRABA CUCHI.IZQ CHROMSTY|PRO3-1871-1041| 14 | 21 | 200 
REPUESTOS|CHROMSTYLE / BELLINA|TRANSFORMADOR UNIVERSAL|PRO3-1881-1671| 688 | 21 | 200 
REPUESTOS|COLOR CODE|BOBINA Y BRAZO COLOR CODE|PUB3-9155-0001| 192 | 21 | 200 
REPUESTOS|COLORPRO (USA)|TORILLO DE CUCHILLA|PRO3-492-20000| 23 | 21 | 200 
REPUESTOS|COLORPRO (USA)|TORNILLO PALANCA CUCHILLA|PRO3-512-10000| 23 | 21 | 200 
REPUESTOS|COLORPRO (USA)|RESORTE BOBINA COLORPRO|PRO3-521-00000| 23 | 21 | 200 
REPUESTOS|COLORPRO (USA)|TORNILLO BRAZO DE BOBINA COLOR|PUB3-1567-2000| 28 | 21 | 200 
REPUESTOS|COLORPRO (USA)|CABLE CON ENCHUFE COLORPRO|PUB3-621-40000| 431 | 21 | 200 
REPUESTOS|COLORPRO (USA)|TORNILLO DE REGULACION COMPLE|PUB3-8117-8115| 26 | 21 | 200 
REPUESTOS|COLORPRO (USA)|SWITCH COLORPRO|PUB3-8140-0000| 31 | 21 | 200 
REPUESTOS|COLORPRO (USA)|BOBINA  COLORPRO|PUB3-8524-200| 346 | 21 | 200 
REPUESTOS|COLORPRO (USA)|CARCASA INF. COLORPRO / U CLIP|PUB3-87000-000| 167 | 21 | 200 
REPUESTOS|COLORPRO (USA)|TAPA COMPLETA COLORPRO|PUB3-9067-0700| 161 | 21 | 200 
REPUESTOS|COLORPRO (USA)|INSERTO AZUL TAPA COLORPRO|PUB3-92401-000| 90 | 21 | 200 
REPUESTOS|COLORPRO (USA)|CABLE BOBINA COLORPRO|PUB3-97699-200| 30 | 21 | 200 
REPUESTOS|COLORPRO (USA)|PALANCA CUCHILLA|VET3-8227-1001| 73 | 21 | 200 
REPUESTOS|COLORPRO (USA)|BASTIDOR PLASTICO|VET3-8409-2701| 28 | 21 | 200 
REPUESTOS|COLORPRO REC / ERGO TRIM|BATERIA ERGO TRIM/COLORPRO REC|PRO3-1458-1100| 265 | 21 | 200 
REPUESTOS|COLORPRO REC / ERGO TRIM|TRANSF ERGO TRIM/COLORPRO REC|PRO3-1460-1390| 613 | 21 | 200 
REPUESTOS|COLORPRO RECARGABLE (HUNGRIA)|CTO.IMPRESO, MOTOR Y BAT COLOR|PRO3-1461-7140| 1.036 | 21 | 200 
REPUESTOS|COLORPRO RECARGABLE (HUNGRIA)|JGO. CARCASAS COLORPRO RECARG.|PRO3-1461-7190| 422 | 21 | 200 
REPUESTOS|COLORPRO RECARGABLE (HUNGRIA)|MOTOR COLORPRO RECARGABLE|PRO3-1467-2000| 330 | 21 | 200 
REPUESTOS|DELUXE GROOM PRO|BOBINA Y BRAZO DELUXE GROOMPRO|PUB3-79305-001| 202 | 21 | 200 
REPUESTOS|DETAILER|MOTOR DETAILER|PRO3-8723-7000| 764 | 21 | 200 
REPUESTOS|DETAILER|TAPA NEGRA DETAILER|PRO3-88120-104| 110 | 21 | 200 
REPUESTOS|DETAILER|TAPA DETAILER|PRO3-88121-081| 384 | 21 | 200 
REPUESTOS|DETAILER|INSERTO TAPA DETAILER|PRO3-88122-161| 90 | 21 | 200 
REPUESTOS|DETAILER|CARCASA DETAILER|PRO3-88160-1892| 490 | 21 | 200 
REPUESTOS|DETAILER|GUIA DE CUCHILLA DETAILER|PRO3-88182-002| 42 | 21 | 200 
REPUESTOS|DETAILER|GUIA PATIN DE CUCH. DETAILER|PRO3-8907-3050| 46 | 21 | 200 
REPUESTOS|DETAILER|CIRCUITO IMPRESO|PRO3-90620-101| 743 | 21 | 200 
REPUESTOS|DETAILER|SOPORTE TRASERO DETAILER|PRO3-94284-001| 42 | 21 | 200 
REPUESTOS|DETAILER|INSERTO TORNILLOS BAST. DETAIL|PRO3-96380-000| 180 | 21 | 200 
REPUESTOS|DETAILER|TORNILLOS GUIA DE CUCH. DETAIL|PRO3-96437-100| 40 | 21 | 200 
REPUESTOS|DETAILER|RESORTE GUIA DE CUCH. DETAILER|PRO3-96471-100| 100 | 21 | 200 
REPUESTOS|DETAILER|TRANSFORMADOR SIGMA/DET/PEA|PRO3-97615-005| 1.031 | 21 | 200 
REPUESTOS|DETAILER|TORNILLOS CUCHILLA DETAILER|PRO3-99719-000| 42 | 21 | 200 
REPUESTOS|DETAILER INALAMBRICA|TRANSFORMADOR DETAILER INALAMB|PRO3-97618-601| 600 | 21 | 200 
REPUESTOS|DOODLES|MOTOR DODDLE / BLING|PUB3-1669-0000| 312 | 21 | 200 
REPUESTOS|DOODLES|CARCASA INFERIOR DODDLE|PUB3-9902-9040| 58 | 21 | 200 
REPUESTOS|DOODLES|TAPA DE BATERIA DODDLE|PUB3-9903-9000| 23 | 21 | 200 
REPUESTOS|DOODLES|CABLE MOTOR DODDLE|PUB3-9926-3000| 23 | 21 | 200 
REPUESTOS|DOODLES|TAPA SUPERIOR DODDLE|PUB3-9930-9010| 35 | 21 | 200 
REPUESTOS|ERGO TRIM|CIRCUITO, MOTOR, BATERIA ERGO|PRO3-1460-7040| 737 | 21 | 200 
REPUESTOS|ERGO TRIM|MOTOR ERGO TRIM|PRO3-1461-2000| 296 | 21 | 200 
REPUESTOS|ERGO TRIM / COLORPRO REC.|BATERIA ERGO TRIM/COLORPRO REC|PRO3-1458-1100| 265 | 21 | 200 
REPUESTOS|ERGO TRIM / COLORPRO REC.|TRANSF ERGO TRIM/COLORPRO REC|PRO3-1460-1390| 613 | 21 | 200 
REPUESTOS|FINALE|TAPA SUPERIOR FINALE|PRO3-7315-4061| 180 | 21 | 200 
REPUESTOS|FINALE|CHASIS CARCAZA FINALE|PRO3-7316-1202| 583 | 21 | 200 
REPUESTOS|FINALE|SOPORTE CABEZAL FINALE|PRO3-7321-0030| 70 | 21 | 200 
REPUESTOS|FINALE|PALANCA CABEZAL FINALE|PRO3-7322-0010| 42 | 21 | 200 
REPUESTOS|FINALE|BOTON CABEZAL FINALE|PRO3-7323-1001| 42 | 21 | 200 
REPUESTOS|FINALE|SWITCH FINALE|PRO3-7324-7010| 58 | 21 | 200 
REPUESTOS|FINALE|ZOCALO PIN FINALE|PRO3-7326-1001| 42 | 21 | 200 
REPUESTOS|FINALE|CONTACTO MOTOR FINALE|PRO3-7331-0010| 42 | 21 | 200 
REPUESTOS|FINALE|RESORTE CABEZAL FINALE|PRO3-7332-1001| 42 | 21 | 200 
REPUESTOS|FINALE|PORTA CABEZAL FINALE|PRO3-7342-4801| 1.079 | 21 | 200 
REPUESTOS|FINALE|PORTA BATERIA FINALE|PRO3-7611-0000| 38 | 21 | 200 
REPUESTOS|FINALE|SOPORTE BATERIA FINALE|PRO3-7612-0000| 36 | 21 | 200 
REPUESTOS|FINALE|BATERIA LITHIUM FINALE|PRO3-93838-100| 809 | 21 | 200 
REPUESTOS|FINALE|CIRCUITO IMPRESO SWITCH FINALE|PRO3-95297-000| 521 | 21 | 200 
REPUESTOS|FINALE|CIRCUITO IMP. TERMINAL FINALE|PRO3-95298-000| 432 | 21 | 200 
REPUESTOS|FINALE|MOTOR FINALE|PRO3-95305-000| 342 | 21 | 200 
REPUESTOS|FINALE|TORNILLO DE MOTOR FINALE|PRO3-96423-100| 40 | 21 | 200 
REPUESTOS|FINALE|LEVA DE MOTOR FINALE|PRO3-97393-001| 71 | 21 | 200 
REPUESTOS|FINALE|JUNTA CABEZAL FINALE|PRO3-97394-000| 46 | 21 | 200 
REPUESTOS|FINALE|TRABA CABEZAL FINALE|PRO3-97395-000| 24 | 21 | 200 
REPUESTOS|FINALE|RESORTE TRABA CABEZAL FINALE|PRO3-97396-000| 46 | 21 | 200 
REPUESTOS|FINALE|RESORTE CABEZAL FINALE|PRO3-97398-100| 42 | 21 | 200 
REPUESTOS|FINALE / MAGIC CLIP / SENIOR|TRANSFORMADOR|PRO3-97225-002| 1.195 | 21 | 200 
REPUESTOS|FLAIR|CARCASA INFERIOR FLAIR  AZUL, ROJO, VIOLETA|PRO3-8721-6000| 100 | 21 | 200 
REPUESTOS|FLAIR|SWITCH FLAIR AZUL, ROJO, VIOLETA|PRO3-8722-6000| 54 | 21 | 200 
REPUESTOS|FLAIR|TAPA SUPERIOR FLAIR AZUL, ROJO, VIOLETA|PRO3-8730-6600| 96 | 21 | 200 
REPUESTOS|FLAIR|CIRCUITO IMPRESO FLAIR|PRO3-90600-002| 376 | 21 | 200 
REPUESTOS|FLAIR / ALPHA|BATERIA ALPHA/FLAIR 1.2 V 1600|PRO3-93154-101| 306 | 21 | 200 
REPUESTOS|GENIO   |BASTIDOR PLAS CUCH GENIO|PRO3-1450-7370| 169 | 21 | 200 
REPUESTOS|GENIO PLUS / POWER + / ARCO|BATERIA GENIO PLUS/ARCO/POWER+|PRO3-1854-7988| 785 | 21 | 200 
REPUESTOS|GROOMSMAN (USA)|RESORTE GROOMSMAN AMERICANA|PUB3-1547-0000| 23 | 21 | 200 
REPUESTOS|GROOMSMAN (USA)|SUPLEMENTO  CUCHILLA GROOMSMAN|PUB3-8907-1000| 17 | 21 | 200 
REPUESTOS|GROOMSMAN (USA)|SUPLEMENTO LEVA MOTOR GROOMS|PUB3-8910-0000| 20 | 21 | 200 
REPUESTOS|GROOMSMAN (USA)|TORNILLO CUCHILLA GROOMSMAN|PUB3-96406-000| 12 | 21 | 200 
REPUESTOS|GROOMSMAN (USA)|CARCASA INFERIOR GROOMSMAN|PUB3-9902-1004| 38 | 21 | 200 
REPUESTOS|GROOMSMAN (USA)|TAPA BATERIA GROOMSMAN|PUB3-9903-1001| 17 | 21 | 200 
REPUESTOS|GROOMSMAN (USA)|TAPA SUPERIOR GROOMSMAN|PUB3-9932-8010| 66 | 21 | 200 
REPUESTOS|GROOMSMAN (USA)|CONTACTO DELANTERO GROOMSMAN|PUB3-9941-0010| 32 | 21 | 200 
REPUESTOS|GROOMSMAN (USA)|CONTACTO BATERIA GROOMSMAN|PUB3-9942-0010| 20 | 21 | 200 
REPUESTOS|GROOMSMAN (USA)|CONTACTO TRASERO GROOMSMAN|PUB3-9943-0000| 20 | 21 | 200 
REPUESTOS|GROOMSMAN PRO|TRANSFORMADOR GROOMSMAN PRO|PUB3-9893-0001| 307 | 21 | 200 
REPUESTOS|GROOMSMAN RECARGABLE|TRANSFORMADOR GROOMSMAN REC.|PRO3-9918-6281| 432 | 21 | 200 
REPUESTOS|GROOMSMAN RECARGABLE|MOTOR GROOMSMAN RECARGABLE|PUB3-9918-0001| 257 | 21 | 200 
REPUESTOS|GROOMSMAN RECARGABLE|JGO. CARCASAS GROOMS RECARGAB.|PUB3-9918-0002| 172 | 21 | 200 
REPUESTOS|GROOMSMAN RECARGABLE|CTO. IMPRESO GROOM. RECARGABLE|PUB3-9918-0004| 121 | 21 | 200 
REPUESTOS|GROOMSMAN RECARGABLE|MOTOR,CIRCUITO,BATERIA GROO RE|PUB3-9918-0006| 592 | 21 | 200 
REPUESTOS|GROOMSMAN SPORT|TRANSFORMADOR GROOMSMAN SPORT|PUB3-9953-0001| 269 | 21 | 200 
REPUESTOS|GROOMSMAN SPORT|FUNDA DE GOMA GROOMSMAN SPORT|PUB3-9953-0002| 54 | 21 | 200 
REPUESTOS|GROOMSMAN SPORT|TAPA GROOMSMAN SPORT|PUB3-9953-0003| 26 | 21 | 200 
REPUESTOS|GROOMSMAN SPORT|CARCASA GROOMSMAN SPORT|PUB3-9953-0004| 26 | 21 | 200 
REPUESTOS|HOMECUT 16 & 20 pcs.|CARCASA HOMECUT 16 / 20 PCS.|PUB3-9243-0000| 71 | 21 | 200 
REPUESTOS|HOMECUT 16 & 20 pcs.|BOBINA HOMEC BAS, 16 Y 20|PUB3-9243-0009| 127 | 21 | 200 
REPUESTOS|HOMECUT 16 & 20 pcs.|BRAZO BOBINA HOMECUT16 Y 20|PUB3-9243-0010| 43 | 21 | 200 
REPUESTOS|HOMECUT 16 pcs.|TAPA HOMECUT 16 PCS.|PUB3-9243-0016| 80 | 21 | 200 
REPUESTOS|HOMECUT 20 pcs.|TAPA HOMECUT 20 PCS.|PUB3-9243-0020| 80 | 21 | 200 
REPUESTOS|HOMECUT BASIC|TAPA SUPERIOR HOMEPRO BASIC|PUB3-9155-0050| 70 | 21 | 200 
REPUESTOS|HOMECUT BASIC|CARCASA HOMEPRO BASIC|PUB3-9155-0090| 79 | 21 | 200 
REPUESTOS|HOMECUT BASIC|INSERTO TAPA HOMECUT BASIC|PUB3-9155-5900| 40 | 21 | 200 
REPUESTOS|KM 5|MOTOR KM 5|VET3-1250-7070| 1.536 | 21 | 200 
REPUESTOS|KM 5|CIRCUITO IMPRESO KM 5|VET3-1260-7020| 538 | 21 | 200 
REPUESTOS|KM 10|LEVA MOTOR KM10|VET3-1250-7000| 170 | 21 | 200 
REPUESTOS|KM 10|SOPORTE TRASERO KM 10|VET3-1250-7080| 78 | 21 | 200 
REPUESTOS|KM 10|BOTON TRABA CUCHILLA KM 10|VET3-1260-7010| 151 | 21 | 200 
REPUESTOS|KM 10|SOPORTE MOTOR KM 10|VET3-1261-7010| 198 | 21 | 200 
REPUESTOS|KM 10|MOTOR KM 10|VET3-1261-7020| 2.880 | 21 | 200 
REPUESTOS|KM 10|CIRCUITO IMPRESO KM 10|VET3-1261-7131| 899 | 21 | 200 
REPUESTOS|KM 10|CABLE KM 10|VET3-1261-7200| 198 | 21 | 200 
REPUESTOS|KM 10|JGO. CARCASAS KM10 TURQUESA|VET3-1261-7210| 989 | 21 | 200 
REPUESTOS|KM 10 / KM5|CABLE CON TRANSFORMADOR  KM 10|VET3-1260-7210| 1.438 | 21 | 200 
REPUESTOS|KM 10 / KM 5|TORNILLOS CARCASA KM10|VET3-1250-7020| 14 | 21 | 200 
REPUESTOS||||| 21 | 200 
REPUESTOS|LEGEND|TORNILLO  BASTIDOR  DE CUCHILLA|PRO3-492-30000| 20 | 21 | 200 
REPUESTOS|LEGEND|TORNILLO TAPA|PRO3-495-2000| 24 | 21 | 200 
REPUESTOS|LEGEND|TORNILLO CUCHILLA|PRO3-508-30000| 26 | 21 | 200 
REPUESTOS|LEGEND|TORNILLO PALANCA CUCHILLA|PRO3-512-10000| 23 | 21 | 200 
REPUESTOS|LEGEND|SWITCH SUPER TAPER - W400|PRO3-8108-0010| 118 | 21 | 200 
REPUESTOS|LEGEND|CARCASA INFERIOR|PRO3-8404-1000| 281 | 21 | 200 
REPUESTOS|LEGEND|BOBINA SHUNT LEGEND, UCLIP|PRO3-8859-3300| 493 | 21 | 200 
REPUESTOS|LEGEND|TAPA LEGEND|PRO3-89605-310| 476 | 21 | 200 
REPUESTOS|LEGEND|BASTIDOR METALICO LEGEND|PRO3-9214-6000| 46 | 21 | 200 
REPUESTOS|LEGEND|ALMOHADILLA CUCHILLA|PRO3-94104-400| 36 | 21 | 200 
REPUESTOS|LEGEND|TORNILLO SWITCH|PUB3-491-00100| 17 | 21 | 200 
REPUESTOS|LEGEND|TORNILLO DE BOBINA|PUB3-503-00000| 20 | 21 | 200 
REPUESTOS|LEGEND|TORNILLO DE REGULACION COMPLE|PUB3-8117-8115| 26 | 21 | 200 
REPUESTOS|LEGEND|TORNILLO INTERNO DE REGULACIÓN|VET3-1177-2000| 30 | 21 | 200 
REPUESTOS|LEGEND|RESORT BOBINA |VET3-1177-3000| 28 | 21 | 200 
REPUESTOS|LEGEND|TORNILLO BRAZO BOBINA|VET3-1567-2010| 28 | 21 | 200 
REPUESTOS|LEGEND|PALANCA CUCHILLA|VET3-8227-1001| 73 | 21 | 200 
REPUESTOS|LEGEND|BASTIDOR PLASTICO|VET3-8409-2701| 28 | 21 | 200 
REPUESTOS|LEGEND / MAGIC CLIP|BRAZO SHUNT|PRO3-8505-2010| 330 | 21 | 200 
REPUESTOS||||| 21 | 200 
REPUESTOS|MAGIC CLIP|TORNILLO  BASTIDOR  DE CUCHILLA|PRO3-492-30000| 20 | 21 | 200 
REPUESTOS|MAGIC CLIP|TORNILLO TAPA|PRO3-495-2000| 24 | 21 | 200 
REPUESTOS|MAGIC CLIP|TORNILLO CUCHILLA|PRO3-508-30000| 26 | 21 | 200 
REPUESTOS|MAGIC CLIP|TORNILLO PALANCA CUCHILLA|PRO3-512-10000| 23 | 21 | 200 
REPUESTOS|MAGIC CLIP|SWITCH SUPER TAPER - W400|PRO3-8108-0010| 118 | 21 | 200 
REPUESTOS|MAGIC CLIP|CARCASA INFERIOR|PRO3-8404-1000| 281 | 21 | 200 
REPUESTOS|MAGIC CLIP|BOBINA SHUNT |PRO3-8424-0000| 418 | 21 | 200 
REPUESTOS|MAGIC CLIP|TAPA MAGIC CLIP C/CABLE|PRO3-9122-1181K| 432 | 21 | 200 
REPUESTOS|MAGIC CLIP|BASTIDOR METALICO|PRO3-9214-400K| 20 | 21 | 200 
REPUESTOS|MAGIC CLIP|ALMOHADILLA CUCHILLA|PRO3-94104-400| 36 | 21 | 200 
REPUESTOS|MAGIC CLIP|TORNILLO SWITCH|PUB3-491-00100| 17 | 21 | 200 
REPUESTOS|MAGIC CLIP|TORNILLO DE BOBINA|PUB3-503-00000| 20 | 21 | 200 
REPUESTOS|MAGIC CLIP|TORNILLO DE REGULACION COMPLE|PUB3-8117-8115| 26 | 21 | 200 
REPUESTOS|MAGIC CLIP|RESORT BOBINA |VET3-1177-3000| 28 | 21 | 200 
REPUESTOS|MAGIC CLIP|TORNILLO BRAZO BOBINA|VET3-1567-2010| 28 | 21 | 200 
REPUESTOS|MAGIC CLIP|PALANCA CUCHILLA|VET3-8227-1001| 73 | 21 | 200 
REPUESTOS|MAGIC CLIP|BASTIDOR PLASTICO|VET3-8409-2701| 28 | 21 | 200 
REPUESTOS|MAGIC CLIP / FINALE / SENIOR|TRANSFORMADOR|PRO3-97225-002| 1.195 | 21 | 200 
REPUESTOS|MAGIC CLIP / LEGEND|BRAZO SHUNT|PRO3-8505-2010| 330 | 21 | 200 
REPUESTOS||||| 21 | 200 
REPUESTOS|MAGIC CLIP RECARGABLE|CUBIERTA SUP. MOTOR M.CLIP|PRO3-8844-0000| 48 | 21 | 200 
REPUESTOS|MAGIC CLIP RECARGABLE|MOTOR MAGIC CLIP C/C  SIN LEVA|PRO3-95368-300| 624 | 21 | 200 
REPUESTOS|MAGIC CLIP RECARGABLE|TORNILLO TAPA MAGIC CLIP C/C|PRO3-495-6000| 19 | 21 | 200 
REPUESTOS|MAGIC CLIP RECARGABLE|PALANCA CUCHI. M.CLIP C/C|PRO3-8225-0000| 36 | 21 | 200 
REPUESTOS|MAGIC CLIP RECARGABLE|LED DE CARGA M.CLIP C/C|PRO3-8651-2000| 26 | 21 | 200 
REPUESTOS|MAGIC CLIP RECARGABLE|MOTOR MAGIC CLIP C/C|PRO3-8723-100R| 583 | 21 | 200 
REPUESTOS|MAGIC CLIP RECARGABLE|CARCASA MAGIC CLIP C/C|PRO3-8835-2001| 296 | 21 | 200 
REPUESTOS|MAGIC CLIP RECARGABLE|GUIA LEVA MAGIC CLIP C/C|PRO3-8846-0000| 71 | 21 | 200 
REPUESTOS|MAGIC CLIP RECARGABLE|GUIA PLAST CUCH. SENIOR  C/C|PRO3-8846-1000| 71 | 21 | 200 
REPUESTOS|MAGIC CLIP RECARGABLE|GUIA CUCHI. MAGIC CLIP C/C|PRO3-8848-0000| 32 | 21 | 200 
REPUESTOS|MAGIC CLIP RECARGABLE|CUBIERTA SUP. MOTOR M.CLIP C/C|PRO3-8851-0000| 71 | 21 | 200 
REPUESTOS|MAGIC CLIP RECARGABLE|TAPA BORDEAUX M.CLIP C/C|PRO3-8861-1610| 216 | 21 | 200 
REPUESTOS|MAGIC CLIP RECARGABLE|INSERTO TAPA  M.CLIP C/C|PRO3-8862-1710| 220 | 21 | 200 
REPUESTOS|MAGIC CLIP RECARGABLE|BASTIDOR METALICO|PRO3-9214-400K| 20 | 21 | 200 
REPUESTOS|MAGIC CLIP RECARGABLE|BATERIA BERETTO/MAGIC/SENIOR|PRO3-93837-000| 737 | 21 | 200 
REPUESTOS|MAGIC CLIP RECARGABLE|TOR. PALANCA CUCHI. M.CLIP C/C|PRO3-96292-000| 35 | 21 | 200 
REPUESTOS|MAGIC CLIP RECARGABLE|RESORTE GUIA CUCH. M.CLIP C/C|PRO3-96833-000| 109 | 21 | 200 
REPUESTOS|MAGIC CLIP RECARGABLE / SENIOR|CIRCUITO IMPRESO SENIOR C/C|PRO3-90302-001| 674 | 21 | 200 
REPUESTOS||||| 21 | 200 
REPUESTOS|MAX 45|SOPORTE TRASERO MAX 45 (7915)|VET3-1245-1040| 66 | 21 | 200 
REPUESTOS|MAX 45|TAPA SUPERIOR MAX 45|VET3-1245-7000| 245 | 21 | 200 
REPUESTOS|MAX 45|CARCASA INFERIOR MAX 45|VET3-1245-7010| 420 | 21 | 200 
REPUESTOS|MAX 45|TRABA CUCHILLA MAX 45|VET3-1245-7020| 66 | 21 | 200 
REPUESTOS|MAX 45|SUJETA CUCHILLA MAX 45|VET3-1245-7030| 263 | 21 | 200 
REPUESTOS|MAX 45|LEVA MOTOR MAX 45 -BLANCAS|VET3-1245-7040| 86 | 21 | 200 
REPUESTOS|MAX 45|ENGRANAJE MAX 45|VET3-1245-7050| 460 | 21 | 200 
REPUESTOS|MAX 45|CIRCUITO IMPRESO MAX 45|VET3-1245-7070| 815 | 21 | 200 
REPUESTOS|MAX 45|MOTOR MAX 45 (1245-7060)|VET3-1245-7160| 983 | 21 | 200 
REPUESTOS|MAX 45|SWITCH MAX 45|VET3-1245-7220| 116 | 21 | 200 
REPUESTOS|MAX 45|ARANDELA MAX 45|VET3-1245-7430| 38 | 21 | 200 
REPUESTOS|MAX 45|GUIA Y RESORTE DE CUCHILLA|VET3-1245-7680| 402 | 21 | 200 
REPUESTOS|MAX 45|FILTRO TRASERO MAX 45|VET3-1245-7905| 100 | 21 | 200 
REPUESTOS|MAX 45|CABLE MAX 45|VET3-1245-7970| 366 | 21 | 200 
REPUESTOS|MAX 45|TORNILLOS DEL CABLE - MAX 45|VET3-1247-7940| 17 | 21 | 200 
REPUESTOS|MAX 45|TORNILLOS CARCASA  MAX 45|VET3-1247-7945| 17 | 21 | 200 
REPUESTOS|MAX 45|CAPUCHON LEVA MAX 45|VET3-1291-7050| 17 | 21 | 200 
REPUESTOS||||| 21 | 200 
REPUESTOS|MEN´S METHOD|TAPA MEN´S METHOD|PRO3-9122-3901| 450 | 21 | 200 
REPUESTOS||||| 21 | 200 
REPUESTOS|MOSER 1225|PLACA SUJETA CUCHILLA M.1225|VET3-1221-7080| 322 | 21 | 200 
REPUESTOS|MOSER 1225|SWITCH MOSER 1225|VET3-1221-7350| 180 | 21 | 200 
REPUESTOS|MOSER 1225|SUJETA CUCHILLA MOSER 1225|VET3-1225-7040| 118 | 21 | 200 
REPUESTOS|MOSER 1225|LEVA MOTOR MOSER 1225|VET3-1225-7050| 143 | 21 | 200 
REPUESTOS||||| 21 | 200 
REPUESTOS|MOSER 1400|ABRAZADERA CABLE MOSER 1400|PRO3-1400-7945| 19 | 21 | 200 
REPUESTOS|MOSER 1400|RESORTE Y TOR.DE REG.MOSER1400|PRO3-1403-7040| 18 | 21 | 200 
REPUESTOS|MOSER 1400|BASTIDOR METALICO MOSER 1400|PRO3-1403-7050| 85 | 21 | 200 
REPUESTOS|MOSER 1400|INSERTO - MOSER 1400|PRO3-1403-7060| 11 | 21 | 200 
REPUESTOS|MOSER 1400|BASTIDOR NEGRO - MOSER 1400|PRO3-1403-7090| 86 | 21 | 200 
REPUESTOS|MOSER 1400|CABLE MOSER 1400|PRO3-1403-7255| 212 | 21 | 200 
REPUESTOS|MOSER 1400|BOBINA MOSER 1400 (NUEVA)|PRO3-1406-7010| 493 | 21 | 200 
REPUESTOS|MOSER 1400|BRAZO DE BOBINA  MOSER 1400|PRO3-1406-7020| 226 | 21 | 200 
REPUESTOS|MOSER 1400|TORNILLO REGULACION MOSER 1400|PRO3-1406-7060| 52 | 21 | 200 
REPUESTOS|MOSER 1400|JGO. CARCASAS MOSER 1400 GRIS/|PRO3-1406-7100| 361 | 21 | 200 
REPUESTOS|MOSER 1400|SWITCH MOSER 1400|PRO3-1406-7590| 100 | 21 | 200 
REPUESTOS||||| 21 | 200 
REPUESTOS|OMEGA|TAPA SUPERIOR OMEGA|PRO3-88100-101| 372 | 21 | 200 
REPUESTOS|OMEGA|CARCASA INFERIOR OMEGA|PRO3-88150-100| 198 | 21 | 200 
REPUESTOS|OMEGA|SWITCH OMEGA|PRO3-88170-000| 66 | 21 | 200 
REPUESTOS|OMEGA|GUIA DE CUCHILLA OMEGA|PRO3-88180-000| 50 | 21 | 200 
REPUESTOS|OMEGA|BASTIDOR DE CUCHILLA OMEGA|PRO3-88190-001| 50 | 21 | 200 
REPUESTOS|OMEGA|CONTACTO TRASERO DEL MOTOR|PRO3-8919-0000| 28 | 21 | 200 
REPUESTOS|OMEGA|BASE CARGADOR OMEGA|PRO3-8979-0000| 288 | 21 | 200 
REPUESTOS|OMEGA|CIRCUITO IMPRESO OMEGA|PRO3-90618-100| 460 | 21 | 200 
REPUESTOS|OMEGA|LEVA DE MOTOR OMEGA|PRO3-93176-200| 100 | 21 | 200 
REPUESTOS|OMEGA|ARANDELA DELANTERA MOTOR OMEGA|PRO3-95379-100| 12 | 21 | 200 
REPUESTOS|OMEGA|RESORTE DE TENSION DE CUCHILLA|PRO3-96494-000| 102 | 21 | 200 
REPUESTOS||||| 21 | 200 
REPUESTOS|PEANUT|TORNILLO CARCASA PEANUT|PRO3-433-00000| 28 | 21 | 200 
REPUESTOS|PEANUT|TAPA PEANUT BLANCA|PRO3-88101-160| 136 | 21 | 200 
REPUESTOS|PEANUT|CARCASA PEANUT BLANCA|PRO3-88151-200| 109 | 21 | 200 
REPUESTOS|PEANUT|PLAQUETA COMPLETA PEANUT|PRO3-93594-102| 288 | 21 | 200 
REPUESTOS||||| 21 | 200 
REPUESTOS|POEME|CARCASA INFERIOR POEME|PRO3-8905-2000| 94 | 21 | 200 
REPUESTOS|POEME|GUIA DE CUCHILLA POEME|PRO3-8916-0000| 46 | 21 | 200 
REPUESTOS|POEME|TAPA TRASERA POEME|PRO3-8917-0010| 54 | 21 | 200 
REPUESTOS|POEME|SWITCH POEME|PRO3-8918-2000| 38 | 21 | 200 
REPUESTOS|POEME|TAPA SUPERIOR POEME|PRO3-8929-3620| 217 | 21 | 200 
REPUESTOS|POEME|BATERIA POEME|PRO3-93156-100| 278 | 21 | 200 
REPUESTOS|POEME|LEVA DE MOTOR POEME|PRO3-93173-001| 133 | 21 | 200 
REPUESTOS|POEME|TORNILLO CUCHILLA BERET/ POEME|PRO3-96406-201| 17 | 21 | 200 
REPUESTOS|POEME|RESORTE CUCHILLA BERET/POEME|PRO3-96492-000| 109 | 21 | 200 
REPUESTOS||||| 21 | 200 
REPUESTOS|QUICK CUT|BOBINA Y BRAZO QUICK CUT|PUB3-9314-0001| 192 | 21 | 200 
REPUESTOS||||| 21 | 200 
REPUESTOS|RINSEABLE|TRANSFORMADOR RINSEABLE|PUB3-9639-0001| 416 | 21 | 200 
REPUESTOS|RINSEABLE|JUEGO DE CARCASAS RINSEABLE|PUB3-9639-0005| 163 | 21 | 200 
REPUESTOS|RINSEABLE|CIRCUITO,MOTOR,  BAT RINSEABLE|PUB3-9639-0006| 413 | 21 | 200 
REPUESTOS||||| 21 | 200 
REPUESTOS|SENIOR / MAGIC CLIP / FINALE |TRANSFORMADOR|PRO3-97225-002| 1.195 | 21 | 200 
REPUESTOS|SENIOR C/C|ALMOHADILLA MOTOR SENIOR C/C|PRO3-30417-000| 100 | 21 | 200 
REPUESTOS|SENIOR C/C|TORNILLO CARCASA SENIOR C/C|PRO3-494-00100| 23 | 21 | 200 
REPUESTOS|SENIOR C/C|MOTOR SENIOR C/C|PRO3-8723-2701| 674 | 21 | 200 
REPUESTOS|SENIOR C/C|CUERPO INFERIOR SENIOR|PRO3-8838-1102| 1.248 | 21 | 200 
REPUESTOS|SENIOR C/C|CUBIERTA INF. MOTOR SENIOR|PRO3-8844-1000| 71 | 21 | 200 
REPUESTOS|SENIOR C/C|GUIA LEVA SENIOR C/C|PRO3-8846-1000| 71 | 21 | 200 
REPUESTOS|SENIOR C/C|TAPA SENIOR C/C|PRO3-89607-060| 450 | 21 | 200 
REPUESTOS|SENIOR C/C|BATERIA BERETTO/MAGIC/SENIOR|PRO3-93837-000| 737 | 21 | 200 
REPUESTOS|SENIOR C/C|RESORTE GUIA CUCH.MAGIC/SENIOR|PRO3-96833-000| 109 | 21 | 200 
REPUESTOS|SENIOR C/C / MAGIC CLIP CC|CIRCUITO IMPRESO SENIOR C/C|PRO3-90302-001| 674 | 21 | 200 
REPUESTOS||||| 21 | 200 
REPUESTOS|SIGMA|CONTACTO DEL SWITCH SIGMA|PRO3-7329-1000| 23 | 21 | 200 
REPUESTOS|SIGMA|BASTIDOR DE CUCHILLA SIGMA|PRO3-8079-1003| 32 | 21 | 200 
REPUESTOS|SIGMA|MOTOR SIGMA CON LEVA|PRO3-8623-0000| 402 | 21 | 200 
REPUESTOS|SIGMA|TAPA SUPERIOR SIGMA|PRO3-8669-2600| 187 | 21 | 200 
REPUESTOS|SIGMA|ANILLO PLASTICO SIGMA|PRO3-8674-1000| 19 | 21 | 200 
REPUESTOS|SIGMA|CARCASA INFERIOR SIGMA|PRO3-8677-2000| 109 | 21 | 200 
REPUESTOS|SIGMA|SWITCH SIGMA|PRO3-8679-0000| 58 | 21 | 200 
REPUESTOS|SIGMA|LEVA DE MOTOR SIGMA|PRO3-93176-000| 180 | 21 | 200 
REPUESTOS|SIGMA|CIRCUITO IMPRESO SIGMA|PRO3-93594-504| 343 | 21 | 200 
REPUESTOS|SIGMA|RESORTE TENSION CUCHI. SIGMA|PRO3-96485-002| 89 | 21 | 200 
REPUESTOS|SIGMA|MOTOR SIGMA / PEANUT - SIN LEVA|PRO3-96701-000| 432 | 21 | 200 
REPUESTOS|SIGMA|TRANSFORMADOR SIGMA/DET/PEA|PRO3-97615-005| 1.031 | 21 | 200 
REPUESTOS||||| 21 | 200 
REPUESTOS|STERLING|TOR BAST DE CUCHI Y CORTO STER|PRO3-492-30000| 20 | 21 | 200 
REPUESTOS|STERLING|BATERIA STERLING/ANNIVERSARY|PRO3-745-20000| 360 | 21 | 200 
REPUESTOS|STERLING|GUIA PLAST.CUC. STERLING/SIGMA|PRO3-8011-0010| 30 | 21 | 200 
REPUESTOS|STERLING|PORTA DEDO STERLING|PRO3-8038-3000| 58 | 21 | 200 
REPUESTOS|STERLING|BASTIDOR PLASTICO STERLING|PRO3-8079-1020| 38 | 21 | 200 
REPUESTOS|STERLING|BASE CARGADOR STERLING|PRO3-8082-1920| 79 | 21 | 200 
REPUESTOS|STERLING|CUERPO CARGADOR STERLING|PRO3-8091-0000| 360 | 21 | 200 
REPUESTOS|STERLING|TAPA SUPERIOR STERLING|PRO3-8093-1840| 236 | 21 | 200 
REPUESTOS|STERLING|CARCASA INFERIOR STERLING|PRO3-8094-1550| 295 | 21 | 200 
REPUESTOS|STERLING|CIRCUITO IMPR CARG. STERLING|PRO3-90591-101| 932 | 21 | 200 
REPUESTOS|STERLING|CONTACTO POSITIVO STERLING|PRO3-93791-000| 97 | 21 | 200 
REPUESTOS|STERLING|CONTACTO NEGATIVO STERLING|PRO3-93792-000| 97 | 21 | 200 
REPUESTOS|STERLING|ARANDELA CUCHILLA STERLING|PRO3-96331-000| 8 | 21 | 200 
REPUESTOS|STERLING|RESORTE TENSION CUCHI.STERLING|PRO3-96485-000| 89 | 21 | 200 
REPUESTOS||||| 21 | 200 
REPUESTOS|SUPER TAPER|TOR BAST DE CUCHI Y CORTO STER|PRO3-492-30000| 20 | 21 | 200 
REPUESTOS|SUPER TAPER|TOR TAPA S TAPER/BERET/BERETTO|PRO3-495-2000| 24 | 21 | 200 
REPUESTOS|SUPER TAPER|TORNILLO PALANCA CUCH SUPER TA|PRO3-512-10000| 23 | 21 | 200 
REPUESTOS|SUPER TAPER|RESORTE BOBINA SUPER TAPER|PRO3-520-00000| 28 | 21 | 200 
REPUESTOS|SUPER TAPER|SWITCH SUPER TAPER - W400|PRO3-8108-0010| 118 | 21 | 200 
REPUESTOS|SUPER TAPER|CARCASA INF.  SUPER TAPER 8442|PRO3-8404-1000| 281 | 21 | 200 
REPUESTOS|SUPER TAPER|BOBINA SHUNT SUPER TAPER|PRO3-8424-0000| 418 | 21 | 200 
REPUESTOS|SUPER TAPER|TAPA  SUPER TAPER (89600-211)|PRO3-8432-7620| 190 | 21 | 200 
REPUESTOS|SUPER TAPER|BRAZO BOBINA S TAPER/ COLORPRO|PRO3-8505-2000| 330 | 21 | 200 
REPUESTOS|SUPER TAPER|BRAZO BOBINA SHUNT |PRO3-8505-2010| 330 | 21 | 200 
REPUESTOS|SUPER TAPER|BRAZO SHUNT SUPER TAPER|PRO3-8857K-000| 144 | 21 | 200 
REPUESTOS|SUPER TAPER|BASTIDOR MET.CUCH STAPER/W400|PRO3-9214-0000| 14 | 21 | 200 
REPUESTOS|SUPER TAPER|CABLE C/ENCH Y SUJ. C SUPER T.|PRO3-93810-001| 338 | 21 | 200 
REPUESTOS|SUPER TAPER|TORNILLO BRAZO DE BOBINA|PUB3-1567-0000| 8 | 21 | 200 
REPUESTOS|SUPER TAPER|TORNILLO SWITCH SUPER TAPER|PUB3-491-00100| 17 | 21 | 200 
REPUESTOS|SUPER TAPER|TORNILLO DE BOBINA|PUB3-503-00000| 20 | 21 | 200 
REPUESTOS|SUPER TAPER|TORNILLO DE REGULACION COMPLE|PUB3-8117-8115| 26 | 21 | 200 
REPUESTOS|SUPER TAPER|PALANCA CUC S TAPER/400/HOMECU|PUB3-8227-0000| 73 | 21 | 200 
REPUESTOS|SUPER TAPER|BASTIDOR PLASTICO|VET3-8409-2701| 28 | 21 | 200 
REPUESTOS|SUPER TAPER - DRAGON|TAPA SUPERIOR DRAGON|PRO3-89600-3780| 404 | 21 | 200 
REPUESTOS|SUPER TAPER - TATTOO|TAPA SUPERIOR TATTOO|PRO3-89600-4340| 404 | 21 | 200 
REPUESTOS||||| 21 | 200 
REPUESTOS|U CLIP|TORNILLO PALANCA CUCHILLA|PRO3-512-10000| 23 | 21 | 200 
REPUESTOS|U CLIP|TORNILLO SWITCH|PUB3-491-00100| 17 | 21 | 200 
REPUESTOS|U CLIP|RESORTE DE REGULACION U CLIP|VET3-1177-2000| 30 | 21 | 200 
REPUESTOS|U CLIP|TORNILLO CARCASA  UCLIP ACTUAL|VET3-495-20000| 26 | 21 | 200 
REPUESTOS|U CLIP|TORNILLO CUCHILLA UCLIP ACTUAL|VET3-508-40000| 26 | 21 | 200 
REPUESTOS|U CLIP|CARCASA UCLIP MOD. ACTUAL|VET3-87000-333| 149 | 21 | 200 
REPUESTOS|U CLIP|BRAZO BOBINA SUPER SHUNT|VET3-8857-0000| 125 | 21 | 200 
REPUESTOS|U CLIP|BRAZO BOBINA UCLIP MOD. ACTUAL|VET3-8857-0000| 125 | 21 | 200 
REPUESTOS|U CLIP|BOBINA SHUNT UCLIP MOD. ACTUAL|VET3-8859-3300| 544 | 21 | 200 
REPUESTOS|U CLIP|TAPA AZUL UCLIP MOD. ACTUAL|VET3-9064-3000| 125 | 21 | 200 
REPUESTOS|U CLIP|TAPA NEGRA UCLIP MOD. ACTUAL|VET3-9065-3600| 109 | 21 | 200 
REPUESTOS|U CLIP|BASTIDOR DE CUCHILLA UCLIP ACT|VET3-9214-0000| 20 | 21 | 200 
REPUESTOS|U CLIP|LAMINA BOBINA U CLIP|VET3-93139-001| 28 | 21 | 200 
REPUESTOS|U CLIP|CABLE DE BOBINA UCLIP MOD. ACT|VET3-97699-2000| 38 | 21 | 200 
REPUESTOS|U CLIP (Modelo anterior)|RESORT BOBINA UCL/LEG/BAL/MCLI|VET3-1177-3000| 28 | 21 | 200 
REPUESTOS|U CLIP (Modelo anterior)|TORNILLO BRAZO BOBINA U CLIP|VET3-1567-2010| 28 | 21 | 200 
REPUESTOS|U CLIP (Modelo anterior)|TORNILLOS CARCASA U CLIP|VET3-495-10000| 26 | 21 | 200 
REPUESTOS|U CLIP (Modelo anterior)|TORNILLO DE REGULACION U CLIP|VET3-8117-1000| 28 | 21 | 200 
REPUESTOS|U CLIP (Modelo anterior)|PALANCA DE CUCHILLA U CLIP|VET3-8227-1001| 73 | 21 | 200 
REPUESTOS|U CLIP (Modelo anterior)|BASTIDOR PLASTICO U CLIP|VET3-8409-2701| 28 | 21 | 200 
REPUESTOS|U CLIP (Modelo anterior)|BOBINA SHUNT U CLIP|VET3-8424-6000| 563 | 21 | 200 
REPUESTOS|U CLIP (Modelo anterior)|TAPA U CLIP (MOD. ANTERIOR)|VET3-9147-7010| 100 | 21 | 200 
REPUESTOS|U CLIP (Modelo anterior)|TAPA COMPL. U CLIP (MOD. ANT)|VET3-9148-3971| 120 | 21 | 200 
REPUESTOS|U CLIP (Modelo anterior)|CARCASA U CLIP (MOD.ANT)|VET3-9202-3433| 224 | 21 | 200 
REPUESTOS|U CLIP (Modelo anterior)|CABLE DE BOBINA U CLIP|VET3-97699-050| 42 | 21 | 200 
REPUESTOS||||| 21 | 200 
REPUESTOS|WAHL 400|TOR BAST DE CUCHI Y CORTO STER|PRO3-492-30000| 20 | 21 | 200 
REPUESTOS|WAHL 400|SWITCH SUPER TAPER - W400|PRO3-8108-0010| 118 | 21 | 200 
REPUESTOS|WAHL 400|BASTIDOR MET.CUCH STAPER/W400|PRO3-9214-0000| 14 | 21 | 200 
REPUESTOS|WAHL 400|TORNILLO BRAZO DE BOBINA|PUB3-1567-0000| 8 | 21 | 200 
REPUESTOS|WAHL 400|TORNILLO DE BOBINA|PUB3-503-00000| 20 | 21 | 200 
REPUESTOS|WAHL 400|BRAZO BOBINA HOMECUT/W400/STUD|PUB3-8105-0000| 245 | 21 | 200 
REPUESTOS|WAHL 400|TORNILLO DE REGULACION COMPLE|PUB3-8117-8115| 26 | 21 | 200 
REPUESTOS|WAHL 400|PALANCA CUC S TAPER/400/HOMECU|PUB3-8227-0000| 73 | 21 | 200 
REPUESTOS|WAHL 400|BOBINA HOMEC/W400/STUD/SUPER V|PUB3-8522-0000| 385 | 21 | 200 
REPUESTOS|WAHL 400|TAPA SUPERIOR WAHL 400|PUB3-9142-7600| 74 | 21 | 200 
REPUESTOS|WAHL 400|CARCASA INFERIOR HOMECUT/W 400|PUB3-9225-1000| 281 | 21 | 200 
REPUESTOS|ADICIONALES|PROTECTOR PLASTICO CUCHILLA|PRO3-8019-1000| 28 | 21 | 200 

